EventID,Evaluation Status,Origin Date,Origin Time,Magnitude,Moment Magnitude,Latitude (WGS84),Latitude Error (km),Longitude (WGS84),Longitude Error (km),Depth of Hypocenter (Km.  Rel to MSL),Depth of Hypocenter (Km. Rel to Ground Surface),Depth Uncertainty (Km. Corresponds to 1st dev),RMS,UsedPhaseCount,UsedStationCount,Author,EventType,LocationName,Nodal Plane 1 - Strike,Nodal Plane 1 - Dip,Nodal Plane 1 - Rake,Nodal Plane 2 - Strike,Nodal Plane 2 - Dip,Nodal Plane 2 - Rake,Focal Mechanism Method ID,Focal Mechanism - Azimuthal Gap,Focal Mechanism - Misfit,Maximum Station Distance (km),Last Updated
texnet2021awse,final,2021-01-13,10:10:20,1.5,,28.8730,0.6,-98.0932,0.6,2.1,2.3,1.7,0.3,21,15,TXNet,earthquake,Southern Texas,,,,,,,,,,39.8334176636445,2021-01-13 21:24:38
texnet2021aezu,final,2021-01-03,17:34:51,2.9,,28.8831,0.6,-98.1025,0.6,2.6,2.8,2.2,0.2,27,26,TXNet,earthquake,Southern Texas,,,,,,,,,,98.90979924879899,2021-01-07 19:27:27
texnet2021acsu,final,2021-01-02,11:45:29,2.1,,28.8840,0.7,-98.1056,0.7,2.5,2.6,1.7,0.2,21,19,TXNet,earthquake,Southern Texas,,,,,,,,,,43.1941973602545,2021-02-10 21:08:22
texnet2021abbz,preliminary,2021-01-01,14:08:12,1.9,,28.8803,1.5,-98.1118,0.9,5.4,5.5,3.2,0.2,12,9,TXNet,earthquake,Southern Texas,,,,,,,,,,29.98345042665,2021-01-14 22:55:56
texnet2021aaym,final,2021-01-01,12:21:50,2.8,,28.8840,0.8,-98.0890,0.8,6.1,6.2,1.9,0.2,14,13,TXNet,earthquake,Southern Texas,,,,,,,,,,28.80606884085,2021-01-04 17:14:42
texnet2021aart,final,2021-01-01,08:57:43,2.0,,28.8840,0.9,-98.1077,1.3,3.6,3.7,2.8,0.2,14,14,TXNet,earthquake,Southern Texas,,,,,,,,,,35.125033281975,2021-01-07 21:31:53
texnet2020zshl,final,2020-12-31,18:36:23,2.2,,28.8821,0.7,-98.1014,0.8,2.5,2.6,2.1,0.2,19,18,TXNet,earthquake,Southern Texas,,,,,,,,,,41.273178296175,2021-01-04 21:42:06
texnet2020yvlg,final,2020-12-19,06:24:22,1.4,,29.0341,1.5,-97.8740,1.6,0.7,0.8,2.6,0.2,12,11,TXNet,earthquake,Central Texas,,,,,,,,,,20.899841831694,2020-12-22 22:15:13
texnet2020ygpd,final,2020-12-11,03:19:40,1.7,,29.0543,0.9,-97.8285,1.1,4.0,4.1,2.4,0.2,12,11,TXNet,earthquake,Central Texas,,,,,,,,,,22.4561912890455,2020-12-13 16:27:23
texnet2020yftv,final,2020-12-10,16:34:08,2.0,,29.0964,1.2,-97.8388,1.1,2.3,2.4,2.3,0.3,17,14,TXNet,earthquake,Central Texas,,,,,,,,,,45.15423128054999,2020-12-11 15:38:54
texnet2020vufn,final,2020-11-05,21:45:16,2.7,,29.0891,1.0,-97.7871,0.9,2.4,2.5,1.4,0.3,27,21,TXNet,earthquake,Central Texas,,,,,,,,,,70.685082241893,2020-11-05 21:59:42
texnet2020vtvk,final,2020-11-05,16:39:10,2.7,,29.0909,0.8,-97.7830,0.8,2.5,2.6,1.6,0.3,26,23,TXNet,earthquake,Central Texas,,,,,,,,,,62.187016720657496,2020-11-05 17:02:32
texnet2020toco,preliminary,2020-10-05,02:23:04,1.7,,28.9865,1.8,-97.9133,1.3,2.2,2.3,1.3,0.3,11,11,TXNet,earthquake,Near Coast of Texas,,,,,,,,,,13.053477073328999,2020-10-05 18:36:49
texnet2020srmy,final,2020-09-22,17:29:25,1.9,,28.9169,1.2,-98.1345,1.5,3.4,3.5,3.3,0.2,10,10,TXNet,earthquake,Southern Texas,,,,,,,,,,32.521006702925995,2020-09-22 21:35:00
texnet2020spua,final,2020-09-21,18:48:22,1.8,,29.1312,0.8,-97.6920,0.7,5.0,5.1,3.7,0.2,14,13,TXNet,earthquake,Central Texas,,,,,,,,,,31.4668702859175,2020-09-22 21:42:41
texnet2020sfri,final,2020-09-16,06:04:10,2.4,,29.0488,1.2,-97.8636,0.9,3.2,3.3,1.8,0.3,18,15,TXNet,earthquake,Central Texas,,,,,,,,,,33.7636866295575,2020-09-16 19:10:44
texnet2020rvff,final,2020-09-10,12:36:32,2.2,,28.9151,1.0,-98.1056,0.8,2.5,2.6,2.3,0.3,19,15,TXNet,earthquake,Southern Texas,,,,,,,,,,44.281005659257495,2020-09-11 16:59:38
texnet2020ruvw,final,2020-09-10,07:52:27,2.3,,28.9316,0.6,-98.0932,0.5,2.5,2.6,1.9,0.1,17,14,TXNet,earthquake,Southern Texas,,,,,,,,,,34.104483948528,2020-09-11 15:52:37
texnet2020rokv,final,2020-09-06,19:29:15,1.8,,28.9114,1.1,-98.1097,1.4,8.3,8.5,4.5,0.3,13,11,TXNet,earthquake,Southern Texas,,,,,,,,,,30.430772533381496,2020-09-10 16:35:33
texnet2020rmfe,final,2020-09-05,14:21:46,2.1,,28.9151,1.2,-98.0684,0.9,7.4,7.5,2.2,0.3,15,12,TXNet,earthquake,Southern Texas,,,,,,,,,,37.5000677357355,2020-09-10 15:24:47
texnet2020rluf,final,2020-09-05,08:48:49,3.1,,28.9316,0.9,-98.1118,0.8,2.5,2.6,1.8,0.3,30,28,TXNet,earthquake,Southern Texas,,,,,,,,,,62.850978778266004,2020-09-08 15:04:29
texnet2020rlij,final,2020-09-05,02:50:08,2.7,,28.9270,0.9,-98.1025,0.7,6.9,7.1,2.9,0.2,21,20,TXNet,earthquake,Southern Texas,,,,,,,,,,43.766613841986,2020-09-08 15:34:11
texnet2020rlgi,final,2020-09-05,01:48:00,2.8,,28.9243,0.9,-98.1097,0.8,2.5,2.6,1.8,0.3,25,23,TXNet,earthquake,Southern Texas,,,,,,,,,,45.70136037359549,2020-09-08 15:26:33
texnet2020rlfp,final,2020-09-05,01:25:34,1.9,,28.9243,1.1,-98.1014,1.0,2.5,2.6,2.2,0.2,12,12,TXNet,earthquake,Southern Texas,,,,,,,,,,35.3656104584895,2020-09-08 18:14:20
texnet2020rkkr,final,2020-09-04,14:50:58,1.8,,28.9426,1.1,-98.0787,1.2,2.5,2.6,3.5,0.3,17,11,TXNet,earthquake,Southern Texas,,,,,,,,,,35.879299478883,2020-09-10 22:07:24
texnet2020rjgi,final,2020-09-03,23:31:29,2.0,,28.9224,0.9,-98.0890,0.8,3.8,4.0,2.0,0.3,21,16,TXNet,earthquake,Southern Texas,,,,,,,,,,63.085246439134494,2020-09-11 23:04:43
texnet2020riqs,final,2020-09-03,15:37:51,2.2,,28.9224,1.1,-98.1056,0.9,4.8,4.9,3.1,0.2,13,11,TXNet,earthquake,Southern Texas,,,,,,,,,,36.8941181000175,2020-09-03 16:58:17
texnet2020rgxl,final,2020-09-02,16:45:58,1.8,,28.9059,1.7,-98.0787,1.0,3.0,3.1,4.2,0.2,10,8,TXNet,earthquake,Southern Texas,,,,,,,,,,19.673834372167498,2020-09-03 18:11:58
texnet2020rgnv,final,2020-09-02,11:54:48,1.9,,28.9023,1.4,-98.0849,0.9,2.8,2.9,3.1,0.2,13,10,TXNet,earthquake,Southern Texas,,,,,,,,,,26.7054209482095,2020-09-02 17:49:25
texnet2020rgcn,final,2020-09-02,06:11:28,2.1,,28.9297,0.9,-98.0952,0.9,1.8,1.9,2.1,0.3,21,18,TXNet,earthquake,Southern Texas,,,,,,,,,,46.576101404826,2020-09-02 17:37:15
texnet2020rgbg,final,2020-09-02,05:33:49,2.0,,28.9215,0.9,-98.0963,0.9,2.5,2.6,2.3,0.2,13,12,TXNet,earthquake,Southern Texas,,,,,,,,,,43.796179191429,2020-09-02 18:45:03
texnet2020rcjk,final,2020-08-31,05:07:53,2.1,,28.9536,0.8,-98.0063,0.8,2.1,2.2,1.7,0.2,15,15,TXNet,earthquake,Southern Texas,,,,,,,,,,22.627394705664,2020-09-02 20:55:16
texnet2020qsbs,final,2020-08-25,13:53:41,2.5,,28.9151,0.9,-98.1139,0.9,2.8,2.9,2.0,0.3,26,20,TXNet,earthquake,Southern Texas,,,,,,,,,,45.48890148815249,2020-08-25 16:00:35
texnet2020qprr,final,2020-08-24,06:32:31,1.9,,28.9261,0.8,-98.0911,0.7,1.0,1.1,2.1,0.3,27,17,TXNet,earthquake,Southern Texas,,,,,,,,,,43.0804324881315,2020-08-24 23:34:58
texnet2020qpkz,final,2020-08-24,03:09:17,2.0,,28.9288,1.0,-98.0963,1.0,2.2,2.3,2.5,0.3,21,16,TXNet,earthquake,Southern Texas,,,,,,,,,,36.748126059182994,2020-08-24 23:04:05
texnet2020qolx,final,2020-08-23,14:29:00,2.1,,28.8950,0.8,-98.0808,1.0,1.6,1.7,2.3,0.3,19,14,TXNet,earthquake,Southern Texas,,,,,,,,,,34.9650420575085,2020-08-24 22:36:49
texnet2020qokw,final,2020-08-23,13:58:06,1.9,,28.9169,1.3,-98.0911,0.8,1.3,1.5,2.1,0.3,21,16,TXNet,earthquake,Southern Texas,,,,,,,,,,43.833622617665995,2020-08-24 23:51:17
texnet2020qmsn,final,2020-08-22,15:33:06,1.7,,28.9279,0.9,-98.1097,1.0,6.4,6.5,3.3,0.3,19,13,TXNet,earthquake,Southern Texas,,,,,,,,,,37.607716026657,2020-08-25 00:20:17
texnet2020qmqa,final,2020-08-22,14:18:46,2.7,,28.9206,1.0,-98.0766,0.9,3.2,3.3,1.9,0.3,31,25,TXNet,earthquake,Southern Texas,,,,,,,,,,47.1383382734145,2020-08-24 15:34:08
texnet2020qmpe,final,2020-08-22,13:51:54,2.3,,28.9279,1.2,-98.1139,1.0,1.0,1.1,2.4,0.3,19,15,TXNet,earthquake,Southern Texas,,,,,,,,,,34.0472671713405,2020-08-24 21:37:17
texnet2020qmju,final,2020-08-22,11:09:00,2.1,,28.9059,0.6,-98.0890,0.6,3.5,3.7,2.3,0.3,35,19,TXNet,earthquake,Southern Texas,,,,,,,,,,64.430523034479,2020-08-24 22:17:09
texnet2020qfth,final,2020-08-18,19:59:27,2.0,,28.9316,1.2,-98.1221,1.5,8.9,9.0,4.1,0.3,13,11,TXNet,earthquake,Southern Texas,,,,,,,,,,33.305326206295504,2020-08-19 19:39:29
texnet2020qfkv,final,2020-08-18,15:43:46,2.5,,28.9224,0.9,-98.0973,0.7,2.9,3.0,2.0,0.3,21,19,TXNet,earthquake,Southern Texas,,,,,,,,,,41.734169837766,2020-08-18 16:13:19
texnet2020qfhj,final,2020-08-18,13:58:46,2.0,,28.9224,0.7,-98.1056,0.9,2.0,2.1,2.0,0.2,17,17,TXNet,earthquake,Southern Texas,,,,,,,,,,35.190131238297,2020-08-18 18:43:51
texnet2020qfhh,final,2020-08-18,13:55:42,2.8,,28.9188,0.8,-98.0994,0.7,2.5,2.6,1.9,0.3,26,22,TXNet,earthquake,Southern Texas,,,,,,,,,,44.2256400008325,2020-08-18 15:41:33
texnet2020qdqv,final,2020-08-17,16:28:54,1.9,,28.9279,1.0,-98.1242,1.1,6.6,6.7,2.7,0.3,15,15,TXNet,earthquake,Southern Texas,,,,,,,,,,31.8236445806265,2020-08-18 19:19:28
texnet2020qdmy,final,2020-08-17,14:31:22,2.1,,28.9389,0.8,-98.1159,1.0,9.0,9.2,3.7,0.2,13,12,TXNet,earthquake,Southern Texas,,,,,,,,,,31.3837191319365,2020-08-18 18:20:43
texnet2020ptvl,final,2020-08-12,07:27:43,1.9,,29.0396,1.0,-97.8905,0.8,2.6,2.7,1.6,0.3,16,13,TXNet,earthquake,Central Texas,,,,,,,,,,37.3343701061835,2020-08-12 21:59:14
texnet2020psxs,final,2020-08-11,19:27:49,1.9,,29.0167,0.9,-97.8895,1.4,7.9,8.0,3.0,0.2,14,11,TXNet,earthquake,Central Texas,,,,,,,,,,29.1080364655185,2020-08-12 21:07:44
texnet2020nmde,final,2020-07-10,15:12:25,2.0,,29.0396,0.9,-97.8843,1.0,7.1,7.2,2.5,0.3,22,15,TXNet,earthquake,Central Texas,,,,,,,,,,49.2280214606145,2020-07-10 15:48:13
texnet2020jbts,final,2020-05-09,00:54:34,2.3,,29.0259,1.2,-97.8833,1.2,2.9,3.0,1.9,0.3,23,20,TXNet,earthquake,Central Texas,,,,,,,,,,42.3696764944215,2020-05-11 19:51:00
texnet2020iomm,final,2020-05-01,18:29:23,1.8,,29.1522,0.8,-97.6992,0.6,3.2,3.3,2.6,0.1,12,11,TXNet,earthquake,Central Texas,,,,,,,,,,27.77778151407,2020-05-01 19:10:46
texnet2020htpx,final,2020-04-20,08:21:46,2.1,,29.0543,0.8,-97.8512,0.7,2.6,2.7,1.7,0.3,20,18,TXNet,earthquake,Central Texas,,,,,,,,,,40.203048980304,2020-04-20 22:19:25
texnet2020hsow,preliminary,2020-04-19,18:42:09,1.5,,29.0488,1.0,-97.8554,0.8,1.8,1.9,1.7,0.3,14,13,TXNet,earthquake,Central Texas,,,,,,,,,,33.47760887046449,2020-04-21 00:57:15
texnet2020hqje,final,2020-04-18,13:33:35,3.2,,29.0204,1.4,-97.8398,1.3,9.0,9.0,1.8,0.3,15,11,TXNet,earthquake,Central Texas,,,,,,,,,,41.195280494371495,2020-04-18 14:01:23
texnet2020fzkc,final,2020-03-26,01:11:12,1.9,,28.9316,1.0,-98.1221,0.9,2.3,2.4,2.1,0.2,16,14,TXNet,earthquake,Southern Texas,,,,,,,,,,34.6152898160055,2020-03-26 21:19:24
texnet2020dser,final,2020-02-22,15:24:52,2.0,,29.0121,0.8,-97.8967,0.9,2.5,2.6,1.6,0.3,16,15,TXNet,earthquake,Central Texas,,,,,,,,,,30.5647978239135,2020-02-24 22:40:03
texnet2020clha,final,2020-02-04,15:07:17,2.2,,28.8876,1.0,-98.0539,1.2,2.3,2.5,2.4,0.3,20,18,TXNet,earthquake,Southern Texas,,,,,,,,,,36.238898204428494,2020-02-04 17:08:25
texnet2020clgv,final,2020-02-04,15:01:04,2.4,,28.8913,0.6,-98.0580,0.6,1.9,2.0,1.6,0.3,21,18,TXNet,earthquake,Southern Texas,,,,,,,,,,44.017031653686,2020-02-04 16:30:23
texnet2020ceyd,preliminary,2020-02-01,03:48:20,1.7,,28.8858,0.9,-98.0518,1.1,1.7,1.8,2.2,0.3,21,19,TXNet,earthquake,Southern Texas,,,,,,,,,,41.8188586518045,2020-02-03 23:34:46
texnet2020bxkg,final,2020-01-28,00:50:29,1.9,,28.9993,0.7,-97.9236,1.0,1.8,1.9,1.6,0.3,18,18,TXNet,earthquake,Near Coast of Texas,,,,,,,,,,35.198575108609504,2020-01-29 19:47:25
texnet2020bvfx,final,2020-01-26,20:22:25,2.1,,29.0140,0.8,-97.8988,1.0,1.9,2.0,1.5,0.3,20,17,TXNet,earthquake,Central Texas,,,,,,,,,,36.266265362155494,2020-01-27 18:55:27
texnet2020boym,final,2020-01-23,09:49:01,1.9,,29.0579,0.9,-97.8264,1.1,1.1,1.2,1.6,0.2,11,11,TXNet,earthquake,Central Texas,,,,,,,,,,22.612725583276497,2020-01-23 15:52:47
texnet2020bnzx,final,2020-01-22,21:23:39,2.5,,29.0579,1.1,-97.8326,1.0,1.3,1.4,2.1,0.2,13,13,TXNet,earthquake,Central Texas,,,,,,,,,,31.537692338449496,2020-01-22 21:43:01
texnet2020bfwv,final,2020-01-18,10:45:16,2.0,,28.9224,0.9,-98.1304,0.9,1.9,2.1,2.0,0.3,16,15,TXNet,earthquake,Southern Texas,,,,,,,,,,33.814722143412,2020-01-22 15:54:43
texnet2020bcdy,final,2020-01-16,09:47:47,2.4,,28.9197,1.2,-98.1273,1.0,1.3,1.4,2.4,0.3,16,16,TXNet,earthquake,Southern Texas,,,,,,,,,,28.6133674277115,2020-01-16 17:28:44
texnet2020bbxg,final,2020-01-16,06:25:19,2.1,,28.9151,1.0,-98.1387,1.0,2.3,2.4,2.4,0.3,21,17,TXNet,earthquake,Southern Texas,,,,,,,,,,34.204793447285994,2020-01-17 16:28:51
texnet2020auxq,final,2020-01-12,10:39:45,2.0,,28.9105,1.6,-98.1376,1.3,1.8,1.9,1.9,0.3,13,12,TXNet,earthquake,Southern Texas,,,,,,,,,,33.780924812344495,2020-01-13 19:28:10
texnet2020auud,final,2020-01-12,08:53:02,1.8,,28.8611,1.7,-98.0859,1.2,5.8,5.9,4.5,0.3,12,10,TXNet,earthquake,Southern Texas,,,,,,,,,,31.0433253062625,2020-01-13 20:08:30
texnet2020amsf,final,2020-01-07,22:49:45,2.1,,28.9865,1.3,-97.9463,1.1,1.7,1.8,2.0,0.2,14,11,TXNet,earthquake,Near Coast of Texas,,,,,,,,,,29.149361364501,2020-01-08 15:21:25
texnet2020amsc,final,2020-01-07,22:46:29,3.0,,28.9948,0.6,-97.9432,0.6,2.5,2.6,1.5,0.2,28,26,TXNet,earthquake,Near Coast of Texas,,,,,,,,,,57.90575644106399,2020-01-08 14:05:30
texnet2020aeyr,final,2020-01-03,17:00:23,1.9,,29.1055,1.7,-97.7850,1.7,5.9,6.0,3.0,0.3,12,10,TXNet,earthquake,Central Texas,,,,,,,,,,27.9309564627975,2020-01-06 22:29:38
texnet2019zore,final,2019-12-30,18:58:38,2.1,,29.0515,1.3,-97.8378,1.2,1.3,1.4,2.0,0.1,10,9,TXNet,earthquake,Central Texas,,,,,,,,,,22.019240451159,2020-01-06 15:34:23
texnet2019zkwg,final,2019-12-28,16:59:44,2.3,,28.9883,0.8,-97.9401,0.8,2.3,2.4,1.9,0.2,14,12,TXNet,earthquake,Near Coast of Texas,,,,,,,,,,30.139817183374497,2020-01-06 15:14:43
texnet2019zkrk,final,2019-12-28,14:32:52,1.8,,28.9865,1.0,-97.9381,1.0,2.5,2.6,1.9,0.2,14,12,TXNet,earthquake,Near Coast of Texas,,,,,,,,,,28.7378602822395,2020-01-08 15:53:39
texnet2019zkns,final,2019-12-28,12:41:33,2.4,,29.0524,1.0,-97.8512,1.0,2.5,2.6,2.0,0.2,13,13,TXNet,earthquake,Central Texas,,,,,,,,,,33.165587472034495,2020-01-06 14:09:31
texnet2019zkne,final,2019-12-28,12:24:47,1.7,,29.0497,1.8,-97.8357,1.6,2.1,2.2,2.4,0.2,11,9,TXNet,earthquake,Central Texas,,,,,,,,,,18.3845818986795,2020-01-07 20:49:15
texnet2019yxlq,final,2019-12-21,08:52:06,2.1,,28.9948,0.7,-97.9432,0.8,2.5,2.6,1.7,0.2,20,20,TXNet,earthquake,Near Coast of Texas,,,,,,,,,,46.582386157345496,2020-01-07 21:10:35
texnet2019yvpu,final,2019-12-20,08:41:06,2.5,,28.9984,0.7,-97.9267,0.7,8.0,8.1,2.5,0.3,27,23,TXNet,earthquake,Near Coast of Texas,,,,,,,,,,47.0697827530455,2019-12-20 17:03:30
texnet2019wvkm,final,2019-11-21,18:56:50,1.7,,28.9590,1.1,-98.0663,0.8,2.2,2.3,2.4,0.2,13,11,TXNet,earthquake,Southern Texas,,,,,,,,,,35.876781256837496,2019-11-21 19:47:23
texnet2019wupm,final,2019-11-21,08:19:54,2.4,,28.9536,0.8,-97.9836,0.8,5.1,5.2,1.9,0.3,32,26,TXNet,earthquake,Near Coast of Texas,,,,,,,,,,53.323100868586494,2019-11-21 15:15:22
texnet2019vuxf,final,2019-11-07,06:41:30,1.9,,28.8840,0.9,-98.1014,0.8,2.5,2.6,2.5,0.3,16,16,TXNet,earthquake,Southern Texas,,,,,,,,,,32.8429432371915,2019-11-07 15:48:44
texnet2019tztv,final,2019-10-12,11:36:19,1.8,,28.8922,2.0,-98.1004,1.2,2.5,2.6,3.3,0.2,11,10,TXNet,earthquake,Southern Texas,,,,,,,,,,33.6754105425045,2019-10-14 18:55:51
texnet2019thvw,final,2019-10-02,16:11:11,2.2,,28.9948,1.2,-97.8729,1.0,9.8,9.9,2.1,0.3,14,10,TXNet,earthquake,Near Coast of Texas,,,,,,,,,,31.191957183114,2019-10-02 19:09:43
texnet2019rpcp,preliminary,2019-09-08,04:29:04,1.0,,29.1074,2.0,-97.6548,1.1,6.2,6.3,2.5,0.3,9,5,TXNet,earthquake,Central Texas,,,,,,,,,,28.8252684256005,2021-01-21 23:13:37
texnet2019rfnf,final,2019-09-02,22:27:34,1.9,,29.1348,0.9,-97.6403,0.7,3.8,3.9,2.5,0.1,13,12,TXNet,earthquake,Central Texas,,,,,,,,,,26.447468541070496,2019-09-03 18:44:54
texnet2019qmzc,final,2019-08-23,18:53:22,2.1,,28.9609,0.9,-97.9836,1.0,1.4,1.5,1.4,0.3,18,17,TXNet,earthquake,Near Coast of Texas,,,,,,,,,,33.51025228653899,2019-08-23 19:07:58
texnet2019qiyv,final,2019-08-21,14:12:12,2.0,,29.0369,0.9,-97.8791,0.9,2.1,2.2,1.5,0.3,15,14,TXNet,earthquake,Central Texas,,,,,,,,,,34.1815993823115,2019-08-21 16:13:22
texnet2019qevj,final,2019-08-19,07:53:44,1.8,,28.9581,0.8,-97.9887,0.9,1.1,1.2,1.6,0.3,27,23,TXNet,earthquake,Near Coast of Texas,,,,,,,,,,45.964046229569995,2019-08-20 15:35:39
texnet2019pwyw,final,2019-08-15,00:35:41,2.2,,28.9151,0.7,-98.1056,0.5,1.2,1.3,1.9,0.2,25,23,TXNet,earthquake,Southern Texas,,,,,,,,,,40.695999944166,2019-08-15 16:38:42
texnet2019pocg,final,2019-08-10,04:04:57,2.2,,28.9609,0.9,-98.0063,1.1,2.4,2.5,2.0,0.3,27,22,TXNet,earthquake,Southern Texas,,,,,,,,,,42.64037674114049,2019-08-12 18:44:04
texnet2019pncu,final,2019-08-09,15:13:20,2.4,,28.9389,1.0,-98.0684,1.4,3.4,3.5,2.0,0.2,19,13,TXNet,earthquake,Southern Texas,,,,,,,,,,26.993851582382998,2019-08-09 18:53:11
texnet2019pmkr,final,2019-08-09,06:03:19,1.8,,28.9517,1.1,-98.0373,1.5,6.4,6.5,2.6,0.2,18,13,TXNet,earthquake,Southern Texas,,,,,,,,,,25.417244853440998,2019-08-09 19:30:56
texnet2019ovzf,final,2019-07-31,06:05:15,1.8,,29.1385,0.9,-97.6734,0.8,3.1,3.2,2.9,0.2,16,13,TXNet,earthquake,Central Texas,,,,,,,,,,31.969513862181,2019-07-31 16:57:33
texnet2019ousa,final,2019-07-30,13:19:58,1.8,,29.1293,1.0,-97.6816,1.0,5.0,5.1,3.3,0.3,16,13,TXNet,earthquake,Central Texas,,,,,,,,,,67.9089187419615,2019-07-30 16:51:23
texnet2019oaff,final,2019-07-19,08:07:50,1.7,,28.8812,1.8,-98.1170,1.5,9.7,9.9,4.1,0.3,11,9,TXNet,earthquake,Southern Texas,,,,,,,,,,37.56929752034549,2019-07-19 15:44:25
texnet2019oafe,final,2019-07-19,08:07:19,2.0,,28.8986,1.0,-98.1139,0.8,4.9,5.0,3.3,0.3,19,15,TXNet,earthquake,Southern Texas,,,,,,,,,,51.022941080327996,2019-07-19 14:00:39
texnet2019oafa,final,2019-07-19,08:01:57,1.8,,28.9096,0.9,-98.1221,0.8,2.9,3.0,2.5,0.3,20,18,TXNet,earthquake,Southern Texas,,,,,,,,,,51.938654211045,2019-07-19 14:49:49
texnet2019nysw,final,2019-07-18,12:46:06,1.9,,28.9005,1.3,-98.1118,0.9,4.1,4.2,2.5,0.2,13,12,TXNet,earthquake,Southern Texas,,,,,,,,,,31.016015147092496,2019-07-18 16:31:15
texnet2019nylh,final,2019-07-18,08:55:34,1.8,,28.9023,0.9,-98.1097,0.9,3.4,3.5,2.2,0.3,20,17,TXNet,earthquake,Southern Texas,,,,,,,,,,46.257798689802,2019-07-18 16:45:22
texnet2019mvdc,final,2019-07-02,07:51:27,2.5,,29.0103,0.8,-97.9277,0.8,5.4,5.5,1.7,0.3,24,21,TXNet,earthquake,Central Texas,,,,,,,,,,45.926588915077495,2019-07-02 14:27:59
texnet2019muir,final,2019-07-01,21:31:50,1.8,,29.0076,1.1,-97.9370,1.1,6.0,6.1,2.4,0.3,15,13,TXNet,earthquake,Central Texas,,,,,,,,,,45.150368633118,2019-07-09 16:08:46
texnet2019mtol,final,2019-07-01,11:18:26,1.8,,29.0140,1.1,-97.9195,1.4,4.7,4.8,1.9,0.3,14,12,TXNet,earthquake,Central Texas,,,,,,,,,,36.1920766141305,2019-07-02 17:57:27
texnet2019lxyh,final,2019-06-19,15:17:24,1.6,,28.9957,1.0,-97.9257,1.4,6.4,6.5,2.8,0.2,12,8,TXNet,earthquake,Near Coast of Texas,,,,,,,,,,27.2566839044115,2019-06-19 17:54:37
texnet2019lrjt,final,2019-06-16,01:07:17,3.7,,28.9627,0.8,-97.9898,0.9,2.5,2.6,1.7,0.3,38,31,TXNet,earthquake,Near Coast of Texas,,,,,,,,,,85.1850514039455,2019-06-17 14:11:30
texnet2019lrjs,final,2019-06-16,01:05:28,2.8,,28.9590,0.8,-97.9877,0.9,2.4,2.5,1.6,0.3,35,30,TXNet,earthquake,Near Coast of Texas,,,,,,,,,,56.74572409961699,2019-06-17 18:38:46
texnet2019jfsy,final,2019-05-12,05:04:21,1.7,,29.1165,1.0,-97.6589,0.9,5.1,5.2,3.0,0.2,14,12,TXNet,earthquake,Central Texas,,,,,,,,,,32.4923397979635,2019-05-14 15:47:03
texnet2019jdke,final,2019-05-10,22:21:47,1.8,,29.0305,0.9,-97.8905,1.0,6.3,6.4,2.7,0.3,22,16,TXNet,earthquake,Central Texas,,,,,,,,,,47.195653814001,2019-05-14 16:16:40
texnet2019jdec,final,2019-05-10,19:17:58,2.1,,28.9957,1.2,-97.8946,1.1,6.9,7.0,2.4,0.3,19,14,TXNet,earthquake,Near Coast of Texas,,,,,,,,,,49.4828156184075,2019-05-16 14:42:54
texnet2019jddo,final,2019-05-10,19:01:21,2.7,,29.0167,0.9,-97.8895,1.1,2.5,2.6,1.7,0.3,19,17,TXNet,earthquake,Central Texas,,,,,,,,,,52.074961689996,2019-05-10 19:20:11
texnet2019jczf,final,2019-05-10,16:49:30,3.2,,29.0195,0.7,-97.8926,0.7,3.5,3.6,1.5,0.3,38,30,TXNet,earthquake,Central Texas,,,,,,,,,,92.6421722826705,2019-05-10 19:56:30
texnet2019jcrn,final,2019-05-10,12:56:34,2.7,,29.0268,0.6,-97.8988,0.7,3.1,3.2,1.6,0.2,27,25,TXNet,earthquake,Central Texas,,,,,,,,,,52.848062262796496,2019-05-10 14:25:31
texnet2019itub,final,2019-05-05,16:00:10,2.1,,29.0067,1.3,-97.9050,1.3,2.1,2.2,2.0,0.2,13,10,TXNet,earthquake,Central Texas,,,,,,,,,,37.713181926672,2019-05-06 20:05:16
texnet2019irua,final,2019-05-04,13:42:42,2.3,,29.0067,1.2,-97.9071,1.3,2.2,2.3,2.0,0.2,14,12,TXNet,earthquake,Central Texas,,,,,,,,,,31.741850061243,2019-05-06 19:30:06
texnet2019irre,final,2019-05-04,12:16:05,1.9,,28.9993,1.7,-97.9133,1.4,3.0,3.1,2.1,0.3,13,10,TXNet,earthquake,Near Coast of Texas,,,,,,,,,,38.487704172025495,2019-05-06 21:54:32
texnet2019ifft,final,2019-04-27,16:52:02,1.7,,29.1238,1.1,-97.6382,1.2,6.4,6.6,1.3,0.2,15,10,TXNet,earthquake,Central Texas,,,,,,,,,,33.549254310852,2019-11-22 20:43:39
texnet2019hueh,final,2019-04-21,15:38:24,1.4,,29.1193,1.0,-97.8150,1.5,5.9,6.0,3.3,0.2,10,8,TXNet,earthquake,Central Texas,,,,,,,,,,32.2832957554485,2019-04-22 19:32:09
texnet2019glqq,final,2019-04-02,18:07:09,1.9,,29.0195,1.2,-97.8946,1.1,9.6,9.7,3.3,0.3,15,10,TXNet,earthquake,Central Texas,,,,,,,,,,45.90877381927199,2019-04-02 18:27:45
texnet2019gigs,final,2019-03-31,21:41:07,1.4,,29.0359,1.7,-97.9153,1.9,5.4,5.5,2.7,0.3,11,8,TXNet,earthquake,Central Texas,,,,,,,,,,38.977140806792995,2019-04-02 16:44:50
texnet2019ggjo,final,2019-03-30,20:51:53,1.7,,28.8785,1.6,-97.8285,1.0,5.2,5.3,3.3,0.2,13,9,TXNet,earthquake,Near Coast of Texas,,,,,,,,,,37.0747340510715,2019-04-01 21:40:15
texnet2019fumt,final,2019-03-24,08:51:01,1.5,,29.0140,1.0,-97.8926,1.1,7.1,7.2,3.3,0.3,17,12,TXNet,earthquake,Central Texas,,,,,,,,,,43.960908067902,2019-03-26 16:10:45
texnet2019fueq,final,2019-03-24,04:44:27,1.8,,29.0250,1.1,-97.9236,1.4,7.9,8.0,2.6,0.3,19,14,TXNet,earthquake,Central Texas,,,,,,,,,,44.374199011600496,2019-03-26 17:04:24
texnet2019ftgu,final,2019-03-23,16:41:58,1.8,,29.0048,1.0,-97.8884,1.0,6.6,6.7,2.6,0.4,19,13,TXNet,earthquake,Central Texas,,,,,,,,,,49.76671457819249,2019-03-25 16:59:18
texnet2019fsyl,final,2019-03-23,12:28:58,1.3,,28.9993,1.0,-97.8884,1.1,7.3,7.4,2.4,0.3,14,9,TXNet,earthquake,Near Coast of Texas,,,,,,,,,,32.761855117404,2019-03-26 16:03:30
texnet2019fsvb,final,2019-03-23,10:45:39,2.0,,29.0103,1.3,-97.8926,1.2,9.0,9.1,2.1,0.3,17,12,TXNet,earthquake,Central Texas,,,,,,,,,,51.6804009880725,2019-03-25 19:01:59
texnet2019fsum,final,2019-03-23,10:28:50,2.7,,29.0250,0.8,-97.8926,0.9,6.2,6.3,2.6,0.3,26,19,TXNet,earthquake,Central Texas,,,,,,,,,,51.913236813165,2019-03-25 14:41:12
texnet2019fqtg,final,2019-03-22,07:34:55,1.5,,29.0012,1.0,-97.9050,1.1,6.2,6.3,2.2,0.3,12,10,TXNet,earthquake,Central Texas,,,,,,,,,,37.6888692622365,2019-03-29 16:52:23
texnet2019fptd,final,2019-03-21,18:23:35,2.5,,29.0067,1.0,-97.9009,1.4,6.3,6.4,2.4,0.3,21,14,TXNet,earthquake,Central Texas,,,,,,,,,,50.831061342641995,2019-03-21 18:42:47
texnet2019fpky,preliminary,2019-03-21,14:14:39,1.4,,28.9215,2.6,-97.8357,2.2,6.9,7.0,3.6,0.2,8,5,TXNet,earthquake,Near Coast of Texas,,,,,,,,,,15.1720614088785,2021-01-20 22:04:36
texnet2019fnwf,final,2019-03-20,17:40:04,1.8,,28.9929,1.2,-97.9122,1.5,6.0,6.1,2.2,0.3,12,9,TXNet,earthquake,Near Coast of Texas,,,,,,,,,,46.92307227019649,2019-03-21 14:45:47
texnet2019fmun,final,2019-03-20,03:40:27,1.6,,29.0067,0.9,-97.9091,1.2,5.6,5.7,2.2,0.3,14,11,TXNet,earthquake,Central Texas,,,,,,,,,,44.1182486481975,2019-03-20 18:43:11
texnet2019fmjf,final,2019-03-19,21:58:01,1.9,,29.0048,0.8,-97.8967,0.9,7.7,7.7,2.8,0.3,18,13,TXNet,earthquake,Central Texas,,,,,,,,,,45.050849508419994,2019-03-20 18:33:27
texnet2019fltx,final,2019-03-19,14:13:46,1.7,,29.0286,1.2,-97.8616,0.9,4.5,4.6,2.1,0.3,13,10,TXNet,earthquake,Central Texas,,,,,,,,,,37.418326167410996,2019-03-19 18:07:48
texnet2019flaa,final,2019-03-19,04:11:28,1.5,,29.0268,1.3,-97.8905,1.3,2.5,2.6,1.8,0.3,14,12,TXNet,earthquake,Central Texas,,,,,,,,,,34.478809262037,2019-03-19 16:46:08
texnet2019fkag,final,2019-03-18,15:10:29,1.7,,28.9572,1.4,-97.8491,1.4,4.3,4.4,3.1,0.2,10,7,TXNet,earthquake,Near Coast of Texas,,,,,,,,,,48.1009007709405,2019-03-18 19:36:10
texnet2019fjvp,final,2019-03-18,12:49:22,2.0,,29.0048,1.0,-97.9029,1.0,7.2,7.3,2.3,0.3,17,13,TXNet,earthquake,Central Texas,,,,,,,,,,45.329096292921,2019-03-20 18:44:42
texnet2019fjis,final,2019-03-18,06:18:30,1.7,,28.9993,1.9,-97.8678,1.5,2.5,2.6,1.9,0.3,14,11,TXNet,earthquake,Near Coast of Texas,,,,,,,,,,51.869586359713495,2019-03-18 19:19:41
texnet2019fjbg,final,2019-03-18,02:32:05,2.2,,29.1229,0.6,-97.6951,0.4,6.4,6.5,1.3,0.3,36,22,TXNet,earthquake,Central Texas,,,,,,,,,,90.10262041196849,2019-03-18 16:09:24
texnet2019fhsd,final,2019-03-17,08:47:20,2.4,,29.0176,1.1,-97.8781,1.0,4.0,4.1,1.7,0.3,23,19,TXNet,earthquake,Central Texas,,,,,,,,,,65.477478000249,2019-03-18 17:18:56
texnet2019fhqk,final,2019-03-17,07:54:44,1.7,,29.0341,0.7,-97.8967,0.7,3.1,3.1,1.6,0.3,29,18,TXNet,earthquake,Central Texas,,,,,,,,,,73.44497709048149,2019-03-18 16:59:33
texnet2019fhpi,final,2019-03-17,07:22:58,1.7,,28.9810,1.9,-97.8698,1.4,3.4,3.5,1.7,0.2,16,12,TXNet,earthquake,Near Coast of Texas,,,,,,,,,,46.3507732882215,2019-03-18 18:26:54
texnet2019fhlz,final,2019-03-17,05:42:20,1.5,,28.9371,2.0,-97.8037,1.8,5.6,5.6,3.0,0.1,10,7,TXNet,earthquake,Near Coast of Texas,,,,,,,,,,48.99673551591,2019-03-18 20:35:46
texnet2019fgva,final,2019-03-16,21:07:24,2.0,,29.0067,0.6,-97.8884,0.7,5.0,5.1,2.3,0.3,28,17,TXNet,earthquake,Central Texas,,,,,,,,,,75.53377629967049,2019-03-18 16:35:23
texnet2019fgur,final,2019-03-16,20:55:49,2.6,,29.0268,0.7,-97.8905,0.7,4.5,4.6,2.0,0.3,30,23,TXNet,earthquake,Central Texas,,,,,,,,,,68.3712563879835,2019-03-18 14:59:23
texnet2019fbom,final,2019-03-14,00:07:39,1.7,,29.0213,1.1,-97.8781,1.1,8.2,8.3,2.8,0.2,11,9,TXNet,earthquake,Central Texas,,,,,,,,,,33.132559588128,2019-03-14 15:22:56
texnet2019fafc,preliminary,2019-03-13,06:15:04,1.2,,29.0607,0.6,-97.6909,0.6,8.5,8.6,1.8,0.2,15,10,TXNet,earthquake,Central Texas,,,,,,,,,,67.445170109226,2019-03-14 14:02:27
texnet2019ezxw,final,2019-03-13,02:36:51,2.1,,29.0369,0.7,-97.8791,0.7,5.8,5.9,2.4,0.3,26,17,TXNet,earthquake,Central Texas,,,,,,,,,,53.425203130971,2019-03-13 14:39:25
texnet2019eylz,final,2019-03-12,07:27:43,1.5,,29.1238,1.2,-97.7023,0.9,2.7,2.8,2.3,0.3,14,10,TXNet,earthquake,Central Texas,,,,,,,,,,55.33259291270549,2019-03-12 16:35:27
texnet2019eyky,final,2019-03-12,06:56:10,1.6,,29.1220,0.9,-97.7065,0.7,3.4,3.5,2.8,0.1,10,8,TXNet,earthquake,Central Texas,,,,,,,,,,27.125649236763,2019-03-12 19:42:21
texnet2019eycc,final,2019-03-12,02:27:54,1.6,,29.1257,1.4,-97.7044,1.1,6.1,6.3,3.5,0.2,12,8,TXNet,earthquake,Central Texas,,,,,,,,,,31.506967302992994,2019-03-12 19:51:50
texnet2019exxq,final,2019-03-12,00:13:13,1.4,,29.1275,1.0,-97.6982,0.9,4.9,5.0,2.8,0.2,10,7,TXNet,earthquake,Central Texas,,,,,,,,,,26.4653697796425,2019-03-13 15:39:51
texnet2019exey,final,2019-03-11,14:46:09,1.7,,29.1266,1.5,-97.6951,0.9,5.3,5.5,2.9,0.2,11,9,TXNet,earthquake,Central Texas,,,,,,,,,,31.3005290374665,2019-03-12 16:13:42
texnet2019excu,final,2019-03-11,13:40:53,1.4,,29.1238,1.0,-97.7003,0.9,8.2,8.4,2.3,0.2,12,8,TXNet,earthquake,Central Texas,,,,,,,,,,31.177709578732497,2019-03-13 15:12:45
texnet2019ewxq,final,2019-03-11,11:04:39,1.9,,29.1183,1.0,-97.7023,0.9,5.0,5.1,2.7,0.2,13,10,TXNet,earthquake,Central Texas,,,,,,,,,,55.888576396884,2019-03-11 19:45:48
texnet2019ewuj,final,2019-03-11,09:25:36,1.7,,29.1229,0.9,-97.7034,0.9,4.4,4.5,2.8,0.3,19,15,TXNet,earthquake,Central Texas,,,,,,,,,,55.46711662370549,2019-03-12 16:04:11
texnet2019ewsb,final,2019-03-11,08:16:04,2.0,,29.1193,0.8,-97.7034,0.7,4.3,4.4,2.6,0.2,18,15,TXNet,earthquake,Central Texas,,,,,,,,,,55.837495893532505,2019-03-11 19:31:10
texnet2019ewjr,final,2019-03-11,04:01:19,1.4,,29.1220,1.0,-97.7003,0.7,3.5,3.6,2.8,0.2,11,9,TXNet,earthquake,Central Texas,,,,,,,,,,27.0860582458935,2019-03-13 15:51:38
texnet2019ewip,final,2019-03-11,03:28:44,1.1,,29.1183,0.8,-97.7044,0.9,6.7,6.9,2.4,0.3,16,12,TXNet,earthquake,Central Texas,,,,,,,,,,30.744235686181497,2019-03-13 16:27:34
texnet2019evws,final,2019-03-10,21:28:26,1.1,,29.1220,1.0,-97.7065,0.8,7.7,7.8,2.9,0.2,11,9,TXNet,earthquake,Central Texas,,,,,,,,,,32.886200560720496,2019-03-13 16:59:15
texnet2019evuy,final,2019-03-10,20:35:09,1.9,,29.1055,0.9,-97.7044,0.8,4.5,4.7,2.7,0.2,14,11,TXNet,earthquake,Central Texas,,,,,,,,,,57.271704259486505,2019-03-11 19:59:34
texnet2019dtch,final,2019-02-23,03:21:20,1.4,,28.9517,1.2,-97.9463,1.3,3.4,3.5,1.6,0.3,14,12,TXNet,earthquake,Near Coast of Texas,,,,,,,,,,37.240384611779994,2019-02-25 22:06:14
texnet2019dsgo,final,2019-02-22,16:22:23,2.6,,29.0414,0.8,-97.8636,0.9,4.0,4.1,2.0,0.3,20,18,TXNet,earthquake,Central Texas,,,,,,,,,,39.9698323568145,2019-02-22 17:02:44
texnet2019drdu,final,2019-02-22,01:50:09,1.9,,28.9792,0.8,-98.0084,1.0,5.9,6.0,2.2,0.3,25,17,TXNet,earthquake,Southern Texas,,,,,,,,,,42.6615141767535,2019-02-25 15:30:37
texnet2019dmcr,final,2019-02-19,07:35:43,1.6,,28.9426,2.2,-97.9918,1.2,2.4,2.5,1.6,0.3,13,10,TXNet,earthquake,Near Coast of Texas,,,,,,,,,,41.6053617832755,2019-02-19 16:55:38
texnet2019dmcb,final,2019-02-19,07:16:41,1.8,,28.9316,1.4,-97.9732,1.2,4.4,4.5,1.6,0.3,16,11,TXNet,earthquake,Near Coast of Texas,,,,,,,,,,45.242192663514,2019-02-19 16:28:51
texnet2019dlaq,final,2019-02-18,17:25:15,1.6,,28.9426,1.3,-98.0291,1.4,6.8,6.9,2.4,0.3,15,9,TXNet,earthquake,Southern Texas,,,,,,,,,,37.982089821186,2019-03-01 18:11:00
texnet2019dlah,final,2019-02-18,17:24:56,1.6,,28.9334,2.4,-98.0105,1.4,7.2,7.3,2.8,0.3,12,7,TXNet,earthquake,Southern Texas,,,,,,,,,,37.511019920619,2019-03-01 18:42:29
texnet2019djyu,final,2019-02-18,03:21:29,2.0,,28.9645,1.0,-97.9608,0.9,4.2,4.3,1.5,0.3,18,13,TXNet,earthquake,Near Coast of Texas,,,,,,,,,,52.00118282898,2019-02-18 20:42:23
texnet2019djyg,final,2019-02-18,03:05:24,1.9,,28.9297,1.0,-97.9856,1.2,5.3,5.3,2.1,0.3,17,13,TXNet,earthquake,Near Coast of Texas,,,,,,,,,,44.29075213451699,2019-02-18 22:50:53
texnet2019ditw,final,2019-02-17,11:44:15,2.1,,28.9755,0.8,-97.9381,0.8,3.0,3.1,1.4,0.3,20,16,TXNet,earthquake,Near Coast of Texas,,,,,,,,,,46.247043331187996,2019-02-18 17:57:18
texnet2019diqy,final,2019-02-17,10:15:04,1.9,,28.9774,1.1,-97.9588,1.0,3.9,4.0,1.6,0.3,17,14,TXNet,earthquake,Near Coast of Texas,,,,,,,,,,44.913277164105,2019-02-18 21:08:46
texnet2019dine,final,2019-02-17,08:20:54,2.0,,28.9719,0.9,-97.9401,0.9,3.1,3.2,1.4,0.3,24,18,TXNet,earthquake,Near Coast of Texas,,,,,,,,,,61.58022831881549,2019-02-18 18:32:13
texnet2019dici,final,2019-02-17,02:52:41,2.4,,28.9719,0.6,-97.9484,0.8,3.3,3.4,1.5,0.3,32,21,TXNet,earthquake,Near Coast of Texas,,,,,,,,,,60.827408880052495,2019-02-18 17:02:20
texnet2019dhzt,final,2019-02-17,01:33:34,2.2,,28.9755,0.7,-97.9588,0.6,4.2,4.3,1.7,0.3,27,19,TXNet,earthquake,Near Coast of Texas,,,,,,,,,,60.03724073095349,2019-02-18 15:30:12
texnet2019bjqv,preliminary,2019-01-20,12:16:07,1.5,,29.0424,2.3,-97.8357,7.7,13.4,13.4,4.1,0.1,6,3,TXNet,earthquake,Central Texas,,,,,,,,,,38.775615736819496,2021-01-15 21:12:26
texnet2019afou,final,2019-01-04,01:08:50,1.6,,28.9865,0.8,-97.9174,0.8,7.2,7.3,2.6,0.3,14,11,TXNet,earthquake,Near Coast of Texas,,,,,,,,,,34.6704589706265,2019-04-04 16:32:21
texnet2019aaqw,preliminary,2019-01-01,08:31:35,1.2,,29.0121,0.8,-97.9071,1.0,3.2,3.2,2.0,0.2,11,6,TXNet,earthquake,Central Texas,,,,,,,,,,24.785589758075997,2019-01-17 20:19:05
texnet2018zqdr,final,2018-12-31,14:25:52,1.8,,28.9938,0.8,-97.9277,1.0,6.5,6.6,2.3,0.4,25,14,TXNet,earthquake,Near Coast of Texas,,,,,,,,,,118.85634028138499,2019-01-11 15:17:35
texnet2018zqby,final,2018-12-31,13:32:46,1.9,,29.0121,0.9,-97.9236,0.9,5.1,5.2,2.2,0.3,12,9,TXNet,earthquake,Central Texas,,,,,,,,,,44.307770796134996,2019-01-04 17:18:27
texnet2018zley,final,2018-12-28,21:23:55,1.4,,29.0067,1.1,-97.9381,1.3,7.1,7.2,2.8,0.3,15,12,TXNet,earthquake,Central Texas,,,,,,,,,,43.36159945348349,2019-03-29 19:46:36
texnet2018zkpr,final,2018-12-28,13:40:48,2.2,,28.7778,0.6,-98.0580,1.2,5.2,5.3,2.0,0.2,18,13,TXNet,earthquake,Southern Texas,,,,,,,,,,54.712646728677,2019-01-04 22:18:36
texnet2018zjtr,final,2018-12-28,02:34:34,1.7,,28.7704,0.6,-98.0497,0.9,6.1,6.2,2.5,0.2,14,8,TXNet,earthquake,Southern Texas,,,,,,,,,,41.167158934167,2019-01-04 17:47:53
texnet2018zfsd,final,2018-12-25,21:14:42,1.3,,28.9865,1.6,-97.9298,1.3,7.6,7.7,2.2,0.4,12,9,TXNet,earthquake,Near Coast of Texas,,,,,,,,,,46.5666047180145,2019-03-15 16:29:10
texnet2018zcpj,final,2018-12-24,04:26:07,1.2,,28.9957,0.8,-97.9112,0.8,5.4,5.5,2.0,0.3,14,7,TXNet,earthquake,Near Coast of Texas,,,,,,,,,,47.949221328246,2019-01-13 18:28:19
texnet2018zckt,final,2018-12-24,02:06:09,1.1,,29.0167,1.4,-97.9267,1.7,7.6,7.7,2.6,0.3,12,9,TXNet,earthquake,Central Texas,,,,,,,,,,37.1476287339255,2019-04-10 16:36:39
texnet2018yzxn,final,2018-12-22,17:08:23,1.8,,29.0140,0.7,-97.8698,0.7,5.4,5.5,1.8,0.3,13,11,TXNet,earthquake,Central Texas,,,,,,,,,,23.152845065836498,2019-11-06 19:31:38
texnet2018yzxo,preliminary,2018-12-22,17:08:11,2.0,,28.9389,1.6,-97.9546,1.0,12.7,12.8,1.2,0.1,9,6,TXNet,earthquake,Near Coast of Texas,,,,,,,,,,20.926061323587,2021-02-05 05:29:48
texnet2018yzxd,final,2018-12-22,16:57:31,1.5,,29.0121,0.8,-97.9091,0.8,3.9,4.0,1.9,0.3,14,7,TXNet,earthquake,Central Texas,,,,,,,,,,24.8786187753285,2019-01-13 17:05:17
texnet2018yzwy,final,2018-12-22,16:50:31,1.8,,29.0323,0.9,-97.7209,0.6,3.7,3.9,2.8,0.1,12,8,TXNet,earthquake,Central Texas,,,,,,,,,,67.96986189710849,2019-01-15 21:35:54
texnet2018yztf,final,2018-12-22,14:57:28,1.5,,29.0094,0.7,-97.9143,0.9,5.7,5.8,2.1,0.2,13,7,TXNet,earthquake,Central Texas,,,,,,,,,,25.3850378999805,2019-01-14 19:01:14
texnet2018yznd,final,2018-12-22,11:53:58,1.7,,29.0167,0.5,-97.9184,0.6,4.0,4.0,1.5,0.2,15,9,TXNet,earthquake,Central Texas,,,,,,,,,,46.59856941092849,2019-01-04 16:29:18
texnet2018yzmh,final,2018-12-22,11:27:52,1.4,,29.0195,0.6,-97.9091,0.6,4.6,4.7,1.9,0.2,13,8,TXNet,earthquake,Central Texas,,,,,,,,,,24.160405589019,2019-01-15 17:25:26
texnet2018yzlo,final,2018-12-22,11:06:29,1.1,,28.9774,1.1,-97.8429,1.0,12.1,12.2,0.9,0.1,11,7,TXNet,earthquake,Near Coast of Texas,,,,,,,,,,26.392803944881496,2019-01-04 17:28:35
texnet2018yzke,final,2018-12-22,10:24:14,1.2,,28.9975,0.8,-97.8946,0.6,2.1,2.2,1.3,0.2,21,14,TXNet,earthquake,Near Coast of Texas,,,,,,,,,,146.950785362745,2019-01-15 18:02:59
texnet2018yzjx,final,2018-12-22,10:16:58,1.1,,28.9902,1.0,-97.9153,1.2,6.6,6.7,2.6,0.2,11,6,TXNet,earthquake,Near Coast of Texas,,,,,,,,,,47.7606022393815,2019-01-10 19:24:08
texnet2018yzih,final,2018-12-22,09:26:47,2.2,,29.0131,0.6,-97.9184,0.7,4.2,4.2,1.5,0.2,16,9,TXNet,earthquake,Central Texas,,,,,,,,,,49.22872565854949,2019-01-02 15:51:50
texnet2018yzie,final,2018-12-22,09:23:12,1.9,,29.0103,0.6,-97.9277,0.6,8.1,8.2,1.1,0.2,16,10,TXNet,earthquake,Central Texas,,,,,,,,,,27.454332271905,2019-07-30 19:22:37
texnet2018yzev,final,2018-12-22,07:41:52,3.1,,29.0067,0.5,-97.9277,0.6,6.4,6.5,1.3,0.3,37,22,TXNet,earthquake,Central Texas,,,,,,,,,,117.95230969766999,2018-12-22 19:43:55
texnet2018yzdg,final,2018-12-22,06:53:42,1.4,,28.9664,1.6,-97.8884,1.5,5.3,5.4,2.4,0.2,12,8,TXNet,earthquake,Near Coast of Texas,,,,,,,,,,28.7502598813185,2019-02-20 19:44:50
texnet2018yzcj,final,2018-12-22,06:27:32,1.5,,28.9902,1.8,-97.9215,1.3,7.0,7.1,2.5,0.3,15,8,TXNet,earthquake,Near Coast of Texas,,,,,,,,,,47.1896375084505,2019-01-09 20:47:27
texnet2018yzch,final,2018-12-22,06:24:39,0.9,,29.0030,1.3,-97.8843,1.0,6.8,6.9,2.6,0.3,11,8,TXNet,earthquake,Central Texas,,,,,,,,,,24.793694995135496,2019-04-10 14:32:39
texnet2018yzbd,final,2018-12-22,05:49:49,1.8,,29.0140,0.6,-97.9298,0.6,8.3,8.4,1.0,0.2,17,10,TXNet,earthquake,Central Texas,,,,,,,,,,45.618001607429996,2019-01-08 17:14:26
texnet2018yzba,final,2018-12-22,05:46:10,1.9,,29.0213,0.4,-97.9112,0.6,4.2,4.3,1.7,0.2,18,11,TXNet,earthquake,Central Texas,,,,,,,,,,47.14551746739449,2019-01-02 18:05:55
texnet2018yzao,final,2018-12-22,05:32:48,3.3,,29.0140,0.5,-97.9195,0.5,4.2,4.3,1.2,0.3,49,35,TXNet,earthquake,Central Texas,,,,,,,,,,229.006606546935,2018-12-22 21:10:07
texnet2018yzam,final,2018-12-22,05:30:30,1.4,,29.0067,0.7,-97.9174,0.8,4.1,4.2,1.9,0.2,14,8,TXNet,earthquake,Central Texas,,,,,,,,,,25.797724320942,2019-01-15 19:25:28
texnet2018yyzs,final,2018-12-22,05:07:28,1.0,,28.9865,1.3,-97.9257,1.3,7.2,7.3,2.7,0.3,12,9,TXNet,earthquake,Near Coast of Texas,,,,,,,,,,46.945394766522,2019-04-11 15:20:09
texnet2018yywy,final,2018-12-22,03:43:01,1.7,,29.0012,0.7,-97.9029,0.6,5.2,5.2,1.5,0.2,17,10,TXNet,earthquake,Central Texas,,,,,,,,,,50.5603557252045,2019-01-03 15:16:08
texnet2018yyud,final,2018-12-22,02:17:26,3.1,,29.0213,0.6,-97.9166,0.7,6.8,6.9,1.8,0.3,26,17,TXNet,earthquake,Central Texas,,,,,,,,,,75.721732532901,2019-01-02 18:08:23
texnet2018yyro,final,2018-12-22,00:59:32,1.4,,29.0213,0.6,-97.9133,0.9,5.3,5.4,1.9,0.2,14,8,TXNet,earthquake,Central Texas,,,,,,,,,,28.9553952861495,2019-01-04 15:56:16
texnet2018yyrf,final,2018-12-22,00:48:56,1.3,,28.9828,1.3,-97.8926,1.0,4.2,4.3,1.8,0.2,14,8,TXNet,earthquake,Near Coast of Texas,,,,,,,,,,50.119043975090996,2019-01-09 20:08:32
texnet2018yyol,final,2018-12-21,23:25:14,1.6,,29.0103,0.7,-97.8884,0.6,6.6,6.7,1.6,0.2,11,9,TXNet,earthquake,Central Texas,,,,,,,,,,28.465283864524498,2019-07-24 02:19:19
texnet2018yyng,final,2018-12-21,22:49:43,1.3,,29.0103,0.5,-97.9029,0.6,4.7,4.8,1.8,0.2,14,7,TXNet,earthquake,Central Texas,,,,,,,,,,48.2442976650285,2019-01-13 17:47:11
texnet2018yyjk,final,2018-12-21,20:55:51,1.4,,29.0103,0.8,-97.9029,0.8,5.6,5.6,2.2,0.3,14,7,TXNet,earthquake,Central Texas,,,,,,,,,,48.2442976650285,2019-01-13 18:46:58
texnet2018yyil,final,2018-12-21,20:22:53,1.6,,29.0085,1.1,-97.9029,0.8,3.9,4.0,2.3,0.2,14,8,TXNet,earthquake,Central Texas,,,,,,,,,,31.292615989845,2019-01-11 18:30:50
texnet2018yyhl,final,2018-12-21,19:52:48,1.5,,29.0204,0.4,-97.9143,0.4,3.2,3.3,1.5,0.1,12,7,TXNet,earthquake,Central Texas,,,,,,,,,,24.3170550034335,2019-01-11 21:13:42
texnet2018yygn,final,2018-12-21,19:25:19,1.8,,29.0195,0.5,-97.9112,0.7,5.6,5.8,2.0,0.2,15,10,TXNet,earthquake,Central Texas,,,,,,,,,,31.3587960847875,2019-01-02 20:51:30
texnet2018yygh,preliminary,2018-12-21,19:17:57,1.8,,28.9838,2.9,-97.8771,2.8,8.8,8.8,3.4,0.4,9,6,TXNet,earthquake,Near Coast of Texas,,,,,,,,,,51.51723550218,2021-01-15 16:03:50
texnet2018yydy,final,2018-12-21,18:08:04,1.3,,28.9984,1.8,-97.9102,1.8,8.2,8.3,3.8,0.3,11,7,TXNet,earthquake,Near Coast of Texas,,,,,,,,,,26.285057279743498,2019-02-05 17:06:28
texnet2018yyby,final,2018-12-21,17:06:54,1.5,,29.0094,0.5,-97.9184,0.7,3.5,3.6,1.5,0.2,14,8,TXNet,earthquake,Central Texas,,,,,,,,,,46.823377891058996,2019-01-14 14:54:19
texnet2018yybh,final,2018-12-21,16:46:17,1.7,,28.9865,1.0,-97.9277,0.7,3.3,3.4,1.6,0.2,17,10,TXNet,earthquake,Near Coast of Texas,,,,,,,,,,47.9994816572775,2019-01-09 19:23:21
texnet2018yyax,final,2018-12-21,16:37:06,1.6,,29.0021,0.8,-97.9019,0.7,4.1,4.1,1.6,0.2,14,7,TXNet,earthquake,Central Texas,,,,,,,,,,48.599373745219495,2019-01-03 18:43:41
texnet2018yxyy,final,2018-12-21,15:35:38,1.2,,29.0021,1.4,-97.8771,1.4,7.1,7.2,2.4,0.3,11,8,TXNet,earthquake,Central Texas,,,,,,,,,,24.637460738373,2019-02-28 16:40:36
texnet2018yxrz,final,2018-12-21,12:03:54,1.5,,29.0158,0.6,-97.8864,0.7,7.0,7.1,1.3,0.2,15,12,TXNet,earthquake,Central Texas,,,,,,,,,,49.635942086115,2019-01-04 17:53:38
texnet2018ywij,final,2018-12-20,18:04:18,2.1,,29.0103,0.9,-97.9112,0.9,4.1,4.2,1.4,0.2,15,9,TXNet,earthquake,Central Texas,,,,,,,,,,49.8847936384035,2019-01-02 18:47:54
texnet2018xehq,final,2018-11-26,15:43:58,1.6,,29.0121,1.2,-97.8636,1.2,3.8,3.9,2.1,0.3,13,8,TXNet,earthquake,Central Texas,,,,,,,,,,198.810979603425,2018-11-29 14:46:13
texnet2018wyvx,final,2018-11-23,16:07:07,1.7,,29.0671,1.7,-97.8264,1.8,6.1,6.2,3.3,0.3,10,6,TXNet,earthquake,Central Texas,,,,,,,,,,111.565289468745,2018-11-28 17:14:50
texnet2018wxrv,final,2018-11-23,00:55:30,2.3,,29.0268,1.1,-97.8802,1.1,3.8,3.9,1.9,0.2,14,9,TXNet,earthquake,Central Texas,,,,,,,,,,167.18959035481498,2018-11-26 22:14:28
texnet2018vsja,final,2018-11-05,21:15:41,2.2,,29.0359,0.7,-97.8636,0.9,6.4,6.5,1.9,0.2,12,7,TXNet,earthquake,Central Texas,,,,,,,,,,169.087622954985,2018-11-06 16:35:47
texnet2018vqjs,final,2018-11-04,19:19:42,1.6,,29.0396,1.0,-97.8574,1.3,4.1,4.2,1.7,0.2,12,6,TXNet,earthquake,Central Texas,,,,,,,,,,115.85090322162,2018-11-05 22:38:45
texnet2018vpdj,final,2018-11-04,03:00:07,3.0,,29.0378,0.8,-97.8926,0.8,6.4,6.5,1.7,0.3,18,10,TXNet,earthquake,Central Texas,,,,,,,,,,196.38723783672,2018-11-05 14:46:51
texnet2018vnsv,final,2018-11-03,08:32:28,2.4,,29.0378,0.7,-97.8616,0.8,4.6,4.7,1.6,0.2,16,8,TXNet,earthquake,Central Texas,,,,,,,,,,169.36026875838,2018-11-05 16:37:20
texnet2018vnhr,final,2018-11-03,02:54:03,1.6,,28.9169,0.9,-98.0952,0.6,5.6,5.8,2.3,0.1,10,6,TXNet,earthquake,Southern Texas,,,,,,,,,,44.10345539883149,2019-07-31 18:32:04
texnet2018vnei,final,2018-11-03,01:13:16,2.0,,29.0433,0.5,-97.8657,0.7,5.6,5.7,2.7,0.2,11,6,TXNet,earthquake,Central Texas,,,,,,,,,,116.07579333000001,2018-11-05 20:15:23
texnet2018vndz,final,2018-11-03,01:02:07,2.3,,29.0433,0.6,-97.8636,0.8,5.3,5.4,1.4,0.2,13,7,TXNet,earthquake,Central Texas,,,,,,,,,,158.954472197955,2018-11-05 19:55:17
texnet2018vndy,final,2018-11-03,01:01:12,2.0,,29.0341,0.6,-97.8533,0.7,5.2,5.3,2.8,0.2,10,5,TXNet,earthquake,Central Texas,,,,,,,,,,88.73947689282899,2018-11-05 17:59:31
texnet2018tbmm,final,2018-09-29,04:37:53,2.6,,28.8986,1.0,-98.1614,0.7,2.5,2.6,1.3,0.2,16,10,TXNet,earthquake,Southern Texas,,,,,,,,,,152.78440975969497,2019-07-31 18:20:19
texnet2018somq,final,2018-09-22,01:56:19,1.7,,29.0488,1.4,-97.8554,1.8,4.3,4.4,1.9,0.4,15,8,TXNet,earthquake,Central Texas,,,,,,,,,,246.34052122365,2018-09-27 15:59:10
texnet2018rkiw,final,2018-09-05,13:53:47,2.1,,29.1312,0.8,-97.6568,1.2,6.6,6.8,1.3,0.3,21,12,TXNet,earthquake,Central Texas,,,,,,,,,,250.44215717807998,2018-09-05 15:36:41
texnet2018rggh,final,2018-09-03,08:06:30,1.5,,28.9957,1.2,-97.9526,1.1,5.8,5.9,1.3,0.3,12,7,TXNet,earthquake,Near Coast of Texas,,,,,,,,,,159.3440495514,2018-09-05 17:52:18
texnet2018rcbp,final,2018-09-01,01:12:59,1.4,,29.0286,1.2,-97.8429,1.3,6.2,6.3,2.7,0.3,14,9,TXNet,earthquake,Central Texas,,,,,,,,,,220.13046889659,2018-09-24 14:05:40
texnet2018qnsb,final,2018-08-24,04:27:29,2.4,,29.1385,1.2,-97.7127,1.1,9.0,9.1,1.5,0.3,17,10,TXNet,earthquake,Central Texas,,,,,,,,,,187.40671465698,2018-08-24 17:34:30
texnet2018qaga,final,2018-08-16,19:38:17,1.7,,29.0598,1.0,-97.9029,1.0,3.4,3.5,2.5,0.2,13,8,TXNet,earthquake,Central Texas,,,,,,,,,,143.51804837937,2018-08-17 20:17:05
texnet2018pzzl,final,2018-08-16,16:18:22,1.3,,29.0277,0.9,-97.8109,0.9,5.3,5.4,3.2,0.2,9,5,TXNet,earthquake,Central Texas,,,,,,,,,,113.95423453931998,2018-10-12 16:14:36
texnet2018pkrq,final,2018-08-08,07:17:55,1.4,,28.9078,1.2,-98.0890,0.9,3.2,3.3,1.8,0.3,14,9,TXNet,earthquake,Southern Texas,,,,,,,,,,252.37011568859998,2018-09-11 16:18:29
texnet2018pask,final,2018-08-02,20:20:16,2.7,,29.1568,0.8,-97.6692,1.2,7.2,7.3,1.2,0.3,24,17,TXNet,earthquake,Central Texas,284,66,-27,25,66,-154,Moment Tensor,163.9439436,0.6620421852,253.05833056549497,2018-10-11 16:01:51
texnet2018onbd,final,2018-07-26,08:51:31,0.9,,29.0067,0.6,-97.8905,0.6,3.7,3.8,2.5,0.1,9,5,TXNet,earthquake,Central Texas,,,,,,,,,,49.516746250040995,2018-10-12 16:02:49
texnet2018okzz,final,2018-07-25,05:59:01,1.7,,28.9938,0.9,-97.8884,0.9,8.0,8.1,1.9,0.2,10,7,TXNet,earthquake,Near Coast of Texas,,,,,,,,,,121.67791852135498,2018-07-27 15:46:30
texnet2018ocfu,final,2018-07-20,10:42:16,2.4,,28.9957,0.7,-97.9174,0.7,5.0,5.0,1.2,0.3,20,14,TXNet,earthquake,Near Coast of Texas,,,,,,,,,,227.14666001338497,2018-07-20 20:06:54
texnet2018ocae,final,2018-07-20,07:53:09,1.5,,29.0048,0.7,-97.9174,0.7,4.9,5.0,1.8,0.1,11,8,TXNet,earthquake,Central Texas,,,,,,,,,,122.616135674235,2018-07-30 21:01:16
texnet2018obwg,final,2018-07-20,05:53:08,2.0,,28.9966,0.8,-97.9164,0.7,4.9,5.0,1.4,0.2,15,8,TXNet,earthquake,Near Coast of Texas,,,,,,,,,,201.27186027774,2018-07-20 20:40:48
texnet2018mvlr,final,2018-07-02,12:12:01,1.4,,29.0158,0.6,-97.8905,0.6,5.9,6.0,1.4,0.2,14,8,TXNet,earthquake,Central Texas,,,,,,,,,,246.19167693099,2018-08-13 17:21:27
texnet2018muxi,preliminary,2018-07-02,04:56:50,1.3,,29.0195,2.4,-97.8554,1.9,8.1,8.3,2.0,0.4,11,7,TXNet,earthquake,Central Texas,,,,,,,,,,168.96384835344,2018-07-16 22:22:52
texnet2018mupe,preliminary,2018-07-02,00:50:09,1.3,,28.9938,1.1,-97.8905,0.9,8.5,8.6,1.9,0.2,10,6,TXNet,earthquake,Near Coast of Texas,,,,,,,,,,147.48454704878998,2018-07-21 15:04:12
texnet2018muoe,final,2018-07-02,00:17:25,3.0,,29.0176,0.6,-97.8802,0.7,6.1,6.2,1.8,0.2,15,9,TXNet,earthquake,Central Texas,,,,,,,,,,166.72114094233498,2018-10-11 15:09:09
texnet2018muej,final,2018-07-01,19:21:01,1.4,,28.9883,1.2,-97.9050,1.0,4.8,4.9,1.9,0.2,10,6,TXNet,earthquake,Near Coast of Texas,,,,,,,,,,48.778537222705495,2018-09-06 15:44:32
texnet2018mtfm,final,2018-07-01,06:47:24,1.6,,28.9993,0.9,-97.8595,0.8,4.7,4.8,1.6,0.2,11,6,TXNet,earthquake,Near Coast of Texas,,,,,,,,,,119.39405873031,2018-07-17 17:50:39
texnet2018mtax,final,2018-07-01,04:28:10,1.1,,28.9948,1.0,-97.8853,0.9,7.7,7.8,3.2,0.2,8,4,TXNet,earthquake,Near Coast of Texas,,,,,,,,,,50.37720499516949,2018-10-12 15:53:45
texnet2018msxq,final,2018-07-01,02:46:53,1.9,,29.0140,0.7,-97.8760,0.9,3.6,3.7,1.6,0.2,10,5,TXNet,earthquake,Central Texas,,,,,,,,,,50.660486989496995,2018-07-06 22:23:50
texnet2018msxn,final,2018-07-01,02:45:18,2.5,,29.0167,0.6,-97.8771,0.9,5.7,5.8,1.6,0.2,16,11,TXNet,earthquake,Central Texas,,,,,,,,,,166.94306559126,2018-07-02 23:51:30
texnet2018mstf,final,2018-07-01,00:35:59,2.7,,29.0131,0.9,-97.8853,0.8,5.3,5.4,1.7,0.3,16,11,TXNet,earthquake,Central Texas,,,,,,,,,,166.04100460458,2018-07-03 01:07:32
texnet2018mkyd,final,2018-06-26,17:57:17,2.3,,29.0121,0.8,-97.8802,0.7,4.2,4.3,1.7,0.2,15,10,TXNet,earthquake,Central Texas,,,,,,,,,,199.03291748455499,2018-06-28 14:57:58
texnet2018lnat,final,2018-06-13,16:02:47,1.9,,29.0900,0.6,-97.7489,0.9,2.0,2.1,1.3,0.1,13,7,TXNet,earthquake,Central Texas,,,,,,,,,,156.43516911466497,2018-06-23 16:52:54
texnet2018lmzh,final,2018-06-13,15:18:28,2.6,,29.0744,0.7,-97.7644,1.0,5.7,5.8,1.6,0.3,18,12,TXNet,earthquake,Central Texas,,,,,,,,,,240.57346593735002,2018-06-15 18:18:03
texnet2018lkox,final,2018-06-12,07:48:05,1.9,,28.9883,0.9,-97.9091,0.8,8.3,8.4,1.3,0.2,13,8,TXNet,earthquake,Near Coast of Texas,,,,,,,,,,162.73262610769498,2018-07-03 19:32:05
texnet2018ljsm,final,2018-06-11,20:27:41,2.3,,28.9883,0.8,-97.9071,0.6,8.0,8.1,1.6,0.2,16,10,TXNet,earthquake,Near Coast of Texas,,,,,,,,,,202.03726171985997,2018-06-11 23:06:34
texnet2018ljrs,final,2018-06-11,20:04:09,2.3,,28.9911,0.9,-97.9019,0.8,8.4,8.5,1.2,0.3,17,10,TXNet,earthquake,Near Coast of Texas,,,,,,,,,,247.219021212975,2018-06-11 23:00:03
texnet2018kjxa,final,2018-05-28,17:14:23,1.4,,29.0826,0.7,-97.8274,1.0,5.9,6.0,1.8,0.2,10,6,TXNet,earthquake,Central Texas,,,,,,,,,,171.093745101195,2019-07-24 01:45:02
texnet2018jxxy,final,2018-05-22,04:02:59,1.7,,29.1055,1.6,-97.7768,1.6,12.6,12.7,1.9,0.2,9,5,TXNet,earthquake,Central Texas,,,,,,,,,,153.31336493067,2019-07-31 18:27:13
texnet2018jvhy,final,2018-05-20,17:41:35,2.4,,29.0689,0.9,-97.7623,1.3,11.5,11.6,1.1,0.3,16,10,TXNet,earthquake,Central Texas,,,,,,,,,,191.436072638265,2018-05-21 22:15:46
texnet2018jvhq,preliminary,2018-05-20,17:32:34,1.5,,29.1000,1.7,-97.7478,1.6,13.9,14.0,1.8,0.3,11,6,TXNet,earthquake,Central Texas,,,,,,,,,,187.86498394481998,2018-06-01 20:01:14
texnet2018jvho,final,2018-05-20,17:30:22,1.9,,29.0854,0.9,-97.7499,1.2,2.5,2.6,1.4,0.3,13,8,TXNet,earthquake,Central Texas,,,,,,,,,,189.50579081941498,2018-05-21 20:18:01
texnet2018iszt,final,2018-05-05,05:45:15,1.8,,28.9243,1.4,-97.9856,1.0,9.1,9.2,1.9,0.3,14,9,TXNet,earthquake,Near Coast of Texas,,,,,,,,,,210.34743983757,2018-05-08 15:11:06
texnet2018immz,final,2018-05-01,16:28:56,3.5,,28.9188,1.0,-98.0125,0.8,8.9,9.0,1.4,0.3,16,9,TXNet,earthquake,Southern Texas,,,,,,,,,,153.19018188652498,2019-07-30 19:28:25
texnet2018ilhd,final,2018-05-01,00:23:37,2.6,,28.9114,1.1,-98.0208,1.1,8.7,8.8,1.7,0.3,16,9,TXNet,earthquake,Southern Texas,,,,,,,,,,212.39527923432,2018-05-01 23:41:05
texnet2018iixa,final,2018-04-29,16:59:42,2.9,,29.0140,0.9,-97.8512,0.8,12.4,12.5,1.0,0.3,15,8,TXNet,earthquake,Central Texas,,,,,,,,,,169.04777355805498,2018-10-11 15:08:27
texnet2018idyq,final,2018-04-27,00:08:00,1.7,,28.9545,1.1,-97.9929,0.8,12.7,12.8,1.2,0.3,14,8,TXNet,earthquake,Near Coast of Texas,,,,,,,,,,243.60678959116495,2018-04-27 17:27:58
texnet2018idob,final,2018-04-26,18:49:48,3.3,,28.9645,1.0,-98.0043,1.0,9.7,9.8,1.5,0.3,17,11,TXNet,earthquake,Southern Texas,69,41,-74,229,51,-103,Moment Tensor,174.1221315,0.3840318399,242.0317027422,2018-04-26 20:08:03
texnet2018idoc,final,2018-04-26,18:49:24,1.9,,29.0140,0.9,-97.9898,0.7,11.2,11.3,1.2,0.2,14,8,TXNet,earthquake,Central Texas,89,37,-53,225,61,-115,Moment Tensor,267.0284543,0.3803531002,200.617611470325,2018-04-26 21:45:58
texnet2018htks,final,2018-04-21,05:44:17,3.0,,28.9920,1.5,-97.8802,1.0,7.1,7.2,1.7,0.2,15,10,TXNet,earthquake,Near Coast of Texas,,,,,,,,,,165.43601373662997,2019-08-01 01:34:59
texnet2018fajs,final,2018-03-13,08:35:17,3.0,,29.0863,1.6,-97.6703,1.1,6.4,6.6,1.4,0.2,14,7,TXNet,earthquake,Central Texas,,,,,,,,,,188.91523439680498,2019-07-27 02:00:14
texnet2018eyqm,final,2018-03-12,09:44:18,3.3,,29.1403,1.4,-97.6920,1.2,10.3,10.4,1.4,0.4,19,12,TXNet,earthquake,Central Texas,,,,,,,,,,250.032155304645,2019-07-30 17:56:15
texnet2018dnfs,final,2018-02-19,22:16:05,2.7,,29.0451,1.2,-97.9215,1.4,4.5,4.6,1.9,0.3,14,10,TXNet,earthquake,Central Texas,,,,,,,,,,166.82092455545998,2019-07-30 19:53:06
texnet2018dnfi,final,2018-02-19,22:04:32,3.0,,29.0222,0.8,-97.8543,0.9,10.7,10.8,1.1,0.3,21,12,TXNet,earthquake,Central Texas,,,,,,,,,,248.3539479918,2019-07-24 02:25:32
texnet2018dloy,final,2018-02-19,00:39:33,2.7,,29.0030,0.8,-97.8926,1.1,6.2,6.3,1.8,0.2,12,7,TXNet,earthquake,Central Texas,,,,,,,,,,162.111613152195,2018-04-04 19:08:37
texnet2018dgjr,final,2018-02-16,04:18:41,2.1,,29.0121,1.4,-97.8367,1.5,9.9,10.0,1.6,0.3,16,10,TXNet,earthquake,Central Texas,,,,,,,,,,220.487337796005,2018-09-26 21:52:42
texnet2018czwo,final,2018-02-12,14:52:25,1.5,,28.9774,1.8,-97.9009,2.0,8.5,8.6,2.8,0.3,11,7,TXNet,earthquake,Near Coast of Texas,,,,,,,,,,162.90986371001998,2018-09-25 17:21:04
texnet2018czvr,final,2018-02-12,14:24:51,3.2,,28.9938,1.0,-97.9091,0.9,8.1,8.2,1.4,0.3,21,13,TXNet,earthquake,Near Coast of Texas,,,,,,,,,,267.438719123415,2019-07-27 02:09:30
texnet2018czrz,final,2018-02-12,12:33:42,2.3,,29.0121,1.7,-97.8491,1.3,13.5,13.6,1.4,0.3,12,6,TXNet,earthquake,Central Texas,,,,,,,,,,169.13644256376,2018-03-23 18:28:16
texnet2018czrw,final,2018-02-12,12:31:21,2.4,,29.0222,1.3,-97.8460,0.8,11.8,11.9,1.9,0.2,13,7,TXNet,earthquake,Central Texas,,,,,,,,,,169.909566832215,2018-03-23 18:41:23
texnet2018czqu,final,2018-02-12,11:57:59,2.2,,29.0158,0.9,-97.8471,0.7,15.4,15.5,1.1,0.1,11,6,TXNet,earthquake,Central Texas,,,,,,,,,,150.39239314963498,2018-03-23 18:52:22
texnet2018czng,final,2018-02-12,10:09:47,2.6,,29.0076,1.2,-97.8874,0.8,11.6,11.7,1.5,0.2,14,8,TXNet,earthquake,Central Texas,,,,,,,,,,165.583683698895,2018-03-23 19:10:10
texnet2018cyot,final,2018-02-11,21:48:05,2.0,,29.0231,0.7,-97.8450,0.9,5.7,5.8,1.7,0.2,12,6,TXNet,earthquake,Central Texas,,,,,,,,,,152.60708097747,2018-10-12 14:52:54
texnet2018cwcl,final,2018-02-10,13:19:41,1.5,,29.0030,1.1,-97.8698,1.2,2.3,2.4,1.2,0.3,14,8,TXNet,earthquake,Central Texas,,,,,,,,,,166.88116055488499,2018-03-22 19:35:42
texnet2018ards,final,2018-01-10,09:11:02,2.2,,28.9838,0.8,-97.8977,1.5,10.5,10.6,1.9,0.3,15,9,TXNet,earthquake,Near Coast of Texas,,,,,,,,,,163.49595809967,2018-02-12 20:03:41
texnet2018aqeb,final,2018-01-09,20:14:04,3.0,,29.0030,1.0,-97.9174,1.4,4.1,4.2,2.2,0.4,19,13,TXNet,earthquake,Central Texas,230,47,-73,25,45,-108,Moment Tensor,219.7249176,0.2857144796,200.583956746845,2019-08-01 15:01:07
texnet2018adyk,final,2018-01-03,03:45:19,1.9,,29.0103,1.4,-97.9588,2.2,2.7,2.8,3.5,0.2,9,5,TXNet,earthquake,Central Texas,,,,,,,,,,140.678405955675,2018-09-20 14:56:41
texnet2017znxw,final,2017-12-30,09:14:34,1.8,,29.0286,1.4,-97.8512,0.9,5.6,5.7,1.8,0.3,19,12,TXNet,earthquake,Central Texas,,,,,,,,,,299.74005501111,2018-01-12 21:56:41
texnet2017wiiy,final,2017-11-14,15:24:14,3.0,,28.9197,1.4,-97.9949,1.1,10.5,10.6,1.6,0.3,16,11,TXNet,earthquake,Near Coast of Texas,,,,,,,,,,216.72844452818998,2017-11-14 16:46:04
texnet2017whwc,final,2017-11-14,08:54:05,2.8,,28.9426,1.7,-98.0105,1.0,3.1,3.2,1.7,0.3,15,10,TXNet,earthquake,Southern Texas,,,,,,,,,,218.696290797915,2017-11-14 19:44:31
texnet2017whqt,final,2017-11-14,06:12:11,1.7,,28.8913,4.1,-98.0084,2.5,12.6,12.7,1.8,0.2,9,6,TXNet,earthquake,Southern Texas,,,,,,,,,,247.53870350212497,2017-11-22 20:46:26
texnet2017whqr,final,2017-11-14,06:10:52,2.2,,28.9719,1.1,-97.9918,0.9,3.1,3.1,1.6,0.3,17,11,TXNet,earthquake,Near Coast of Texas,,,,,,,,,,242.32457713999497,2019-07-30 17:59:35
texnet2017mvfk,final,2017-07-02,09:00:46,3.1,,29.0195,1.5,-97.9319,1.7,3.4,3.4,2.7,0.5,20,13,TXNet,earthquake,Central Texas,,,,,,,,,,333.76650648957,2019-07-23 23:59:17
texnet2017frto,final,2017-03-22,20:51:41,2.4,,29.1788,2.2,-97.7706,2.9,3.5,3.6,3.8,0.3,13,7,TXNet,earthquake,Central Texas,,,,,,,,,,277.67845684844997,2017-10-12 20:09:09
texnet2017frdl,final,2017-03-22,12:43:42,1.9,,29.1019,1.4,-97.7333,1.6,11.1,11.2,2.1,0.4,15,9,TXNet,earthquake,Central Texas,,,,,,,,,,270.53968925623496,2019-07-30 17:09:34
texnet2017fppw,final,2017-03-21,16:43:44,2.0,,29.0854,2.0,-97.7313,2.2,12.4,12.5,3.3,0.3,12,9,TXNet,earthquake,Central Texas,,,,,,,,,,242.92078660521,2017-10-12 20:58:55
texnet2017dtyg,final,2017-02-23,14:26:05,2.1,,28.9252,3.4,-97.9598,3.1,9.3,9.4,4.4,0.2,11,6,TXNet,earthquake,Near Coast of Texas,,,,,,,,,,209.80333301350498,2019-08-01 19:40:48